Type,Name,Request Count,Failure Count,Median Response Time,Average Response Time,Min Response Time,Max Response Time,Average Content Size,Requests/s,Failures/s,50%,66%,75%,80%,90%,95%,98%,99%,99.9%,99.99%,100%,git,timestamp,version
GET,/auth/whoami,6,0,410.0,480.81228183334207,11.8754370000147,890.2685700000177,160.0,0.6563884273367374,0.0,640,640,890,890,890,890,890,890,890,890,890,d4f7992,2024-12-04 16:31:57.326459+00:00,0.15.0
POST,/dynamique/session/,5,0,42.0,208.02545779999943,9.287561999997251,558.6463049999963,45.0,0.5469903561139478,0.0,42,410,410,560,560,560,560,560,560,560,560,d4f7992,2024-12-04 16:31:57.326459+00:00,0.15.0
POST,/dynamique/session/bulk,8,0,72.0,274.41834012500266,20.48862899999904,1309.2250990000025,411.0,0.8751845697823165,0.0,76,220,430,430,1300,1300,1300,1300,1300,1300,1300,d4f7992,2024-12-04 16:31:57.326459+00:00,0.15.0
GET,/dynamique/status/,5,0,32.0,104.37271100000204,11.739812999991273,407.516180000016,285.0,0.5469903561139478,0.0,32,48,48,410,410,410,410,410,410,410,410,d4f7992,2024-12-04 16:31:57.326459+00:00,0.15.0
POST,/dynamique/status/,7,0,82.0,158.6160570000093,15.248882000008734,454.1323219999924,45.0,0.765786498559527,0.0,82,190,310,310,450,450,450,450,450,450,450,d4f7992,2024-12-04 16:31:57.326459+00:00,0.15.0
GET,/dynamique/status/FRALLEGO002006P3,7,0,34.0,160.308044857138,15.165435000000116,796.8991279999784,283.0,0.765786498559527,0.0,34,56,170,170,800,800,800,800,800,800,800,d4f7992,2024-12-04 16:31:57.326459+00:00,0.15.0
GET,/dynamique/status/FRALLEGO002006P3/history,8,0,180.0,338.616545125003,20.46047700000031,808.7497660000054,17467.0,0.8751845697823165,0.0,310,420,720,720,810,810,810,810,810,810,810,d4f7992,2024-12-04 16:31:57.326459+00:00,0.15.0
POST,/dynamique/status/bulk,6,0,42.0,162.9217661666663,20.49537799999257,684.1711459999829,411.0,0.6563884273367374,0.0,47,47,150,150,680,680,680,680,680,680,680,d4f7992,2024-12-04 16:31:57.326459+00:00,0.15.0
POST,/statique/,3,0,63.0,99.27835233334766,47.65840400000343,186.70094700001985,68.0,0.3281942136683687,0.0,63,63,190,190,190,190,190,190,190,190,190,d4f7992,2024-12-04 16:31:57.326459+00:00,0.15.0
GET,/statique/?limit=10,9,0,160.0,223.88299611111825,39.26062700000443,481.3983559999997,13826.0,0.984582641005106,0.0,160,180,440,460,480,480,480,480,480,480,480,d4f7992,2024-12-04 16:31:57.326459+00:00,0.15.0
GET,/statique/?limit=100,9,0,410.0,421.4393996666703,146.9444140000178,1173.8858870000115,129006.0,0.984582641005106,0.0,410,420,430,570,1200,1200,1200,1200,1200,1200,1200,d4f7992,2024-12-04 16:31:57.326459+00:00,0.15.0
PUT,/statique/FR073EP7QU5233,4,0,52.0,155.99825024999348,32.17102499999669,464.7625709999943,1371.0,0.4375922848911582,0.0,75,75,460,460,460,460,460,460,460,460,460,d4f7992,2024-12-04 16:31:57.326459+00:00,0.15.0
GET,/statique/FRALLEGO002006P3,11,0,160.0,361.6503116363622,27.609923999989405,1184.2265370000007,1202.0,1.2033787834506853,0.0,160,490,570,570,940,1200,1200,1200,1200,1200,1200,d4f7992,2024-12-04 16:31:57.326459+00:00,0.15.0
POST,/statique/bulk,7,0,540.0,698.402973142854,405.292591999995,1175.0670529999925,1112.571428571429,0.765786498559527,0.0,540,680,1200,1200,1200,1200,1200,1200,1200,1200,1200,d4f7992,2024-12-04 16:31:57.326459+00:00,0.15.0
,Aggregated,95,0,160.0,296.3983872315811,9.287561999997251,1309.2250990000025,15395.6,10.392816766165009,0.0,160,410,450,490,800,1200,1200,1300,1300,1300,1300,d4f7992,2024-12-04 16:31:57.326459+00:00,0.15.0
GET,/auth/whoami,9,0,32.0,169.38985588888045,13.61702700000933,657.485735999984,160.0,0.7330159090167665,0.0,32,35,48,660,660,660,660,660,660,660,660,f4d0ecf,2024-12-05 08:50:09.203308+00:00,0.15.0
POST,/dynamique/session/,9,0,78.0,350.58155844444315,16.95395799998778,1110.8426909999878,45.0,0.7330159090167665,0.0,78,320,430,1100,1100,1100,1100,1100,1100,1100,1100,f4d0ecf,2024-12-05 08:50:09.203308+00:00,0.15.0
POST,/dynamique/session/bulk,8,0,190.0,422.1880430000056,35.60575800000265,1229.9056220000182,411.0,0.6515696969037925,0.0,430,630,750,750,1200,1200,1200,1200,1200,1200,1200,f4d0ecf,2024-12-05 08:50:09.203308+00:00,0.15.0
GET,/dynamique/status/,9,0,31.0,295.4378061111117,17.96387000001687,752.286134000002,285.0,0.7330159090167665,0.0,31,430,670,680,750,750,750,750,750,750,750,f4d0ecf,2024-12-05 08:50:09.203308+00:00,0.15.0
POST,/dynamique/status/,14,0,660.0,654.2300334285713,21.07312300000785,1345.6768730000022,45.0,1.1402469695816368,0.0,680,730,1100,1100,1100,1300,1300,1300,1300,1300,1300,f4d0ecf,2024-12-05 08:50:09.203308+00:00,0.15.0
GET,/dynamique/status/FRALLEGO002006P3,11,0,44.0,304.3819216363617,19.611288000021432,1494.7655649999945,283.0,0.8959083332427147,0.0,44,61,470,470,1100,1500,1500,1500,1500,1500,1500,f4d0ecf,2024-12-05 08:50:09.203308+00:00,0.15.0
GET,/dynamique/status/FRALLEGO002006P3/history,6,0,34.0,215.93942566665683,18.58924100000081,688.6333579999757,6391.0,0.4886772726778443,0.0,55,55,470,470,690,690,690,690,690,690,690,f4d0ecf,2024-12-05 08:50:09.203308+00:00,0.15.0
POST,/dynamique/status/bulk,6,0,190.0,392.3948266666741,30.03917400002365,1355.9336830000177,411.0,0.4886772726778443,0.0,320,320,420,420,1400,1400,1400,1400,1400,1400,1400,f4d0ecf,2024-12-05 08:50:09.203308+00:00,0.15.0
POST,/statique/,3,0,40.0,390.63950966666994,30.64707900000485,1100.981312000016,68.0,0.2443386363389221,0.0,40,40,1100,1100,1100,1100,1100,1100,1100,1100,1100,f4d0ecf,2024-12-05 08:50:09.203308+00:00,0.15.0
GET,/statique/?limit=10,6,0,490.0,459.8438098333351,26.87369599999556,766.3562369999966,13826.0,0.4886772726778443,0.0,660,660,760,760,770,770,770,770,770,770,770,f4d0ecf,2024-12-05 08:50:09.203308+00:00,0.15.0
GET,/statique/?limit=100,6,0,760.0,693.0450738333369,190.0841009999965,1365.6361029999855,129006.0,0.4886772726778443,0.0,820,820,820,820,1400,1400,1400,1400,1400,1400,1400,f4d0ecf,2024-12-05 08:50:09.203308+00:00,0.15.0
PUT,/statique/FR073EP7QU5233,7,0,200.0,561.027876428568,58.114275999997744,1508.3457099999862,1371.0,0.5701234847908184,0.0,200,810,1100,1100,1500,1500,1500,1500,1500,1500,1500,f4d0ecf,2024-12-05 08:50:09.203308+00:00,0.15.0
GET,/statique/FRALLEGO002006P3,8,0,330.0,564.6615103750037,22.21980999999573,1494.822432999996,1202.0,0.6515696969037925,0.0,670,690,1200,1200,1500,1500,1500,1500,1500,1500,1500,f4d0ecf,2024-12-05 08:50:09.203308+00:00,0.15.0
POST,/statique/bulk,15,0,760.0,959.8005523333294,416.82610999998815,1502.6043979999884,1121.9333333333334,1.2216931816946108,0.0,760,1100,1500,1500,1500,1500,1500,1500,1500,1500,1500,f4d0ecf,2024-12-05 08:50:09.203308+00:00,0.15.0
,Aggregated,117,0,430.0,494.05437420512754,13.61702700000933,1508.3457099999862,8081.119658119658,9.529206817217965,0.0,430,680,760,820,1200,1500,1500,1500,1500,1500,1500,f4d0ecf,2024-12-05 08:50:09.203308+00:00,0.15.0
GET,/auth/whoami,7,0,310.0,239.89426785715293,20.02356400001304,455.28533600000287,160.0,0.6220186085292532,0.0,310,350,460,460,460,460,460,460,460,460,460,fd7fe4d,2024-12-05 08:54:29.844124+00:00,0.15.0
POST,/dynamique/session/,16,0,130.0,234.09416337499957,16.691368000010698,776.2001279999993,45.0,1.4217568194954358,0.0,140,310,460,460,550,780,780,780,780,780,780,fd7fe4d,2024-12-05 08:54:29.844124+00:00,0.15.0
POST,/dynamique/session/bulk,12,0,110.0,265.0336588333293,32.775412000006554,849.4052089999968,411.0,1.066317614621577,0.0,110,220,410,410,850,850,850,850,850,850,850,fd7fe4d,2024-12-05 08:54:29.844124+00:00,0.15.0
GET,/dynamique/status/,10,0,100.0,151.1123493000042,24.27462700001115,405.2335050000124,228.4,0.8885980121846474,0.0,100,140,160,400,410,410,410,410,410,410,410,fd7fe4d,2024-12-05 08:54:29.844124+00:00,0.15.0
POST,/dynamique/status/,13,0,110.0,236.01074638461648,29.989892999992662,867.7886620000095,45.0,1.1551774158400416,0.0,110,140,360,460,770,870,870,870,870,870,870,fd7fe4d,2024-12-05 08:54:29.844124+00:00,0.15.0
GET,/dynamique/status/FRALLEGO002006P3,13,0,160.0,254.81778061538307,32.700181999985034,852.7141530000222,266.53846153846155,1.1551774158400416,0.0,160,220,280,330,850,850,850,850,850,850,850,fd7fe4d,2024-12-05 08:54:29.844124+00:00,0.15.0
GET,/dynamique/status/FRALLEGO002006P3/history,18,0,220.0,354.0403241111107,22.124163999990287,853.4617859999969,17888.555555555555,1.5994764219323652,0.0,290,400,540,770,840,850,850,850,850,850,850,fd7fe4d,2024-12-05 08:54:29.844124+00:00,0.15.0
POST,/dynamique/status/bulk,17,0,140.0,273.6736317058848,37.55280300001118,856.8479749999938,411.0,1.5106166207139005,0.0,140,340,460,520,860,860,860,860,860,860,860,fd7fe4d,2024-12-05 08:54:29.844124+00:00,0.15.0
POST,/statique/,11,4,240.0,275.0845439090932,31.136433000000352,853.8628539999991,50.90909090909091,0.977457813403112,0.3554392048738589,240,360,400,400,410,850,850,850,850,850,850,fd7fe4d,2024-12-05 08:54:29.844124+00:00,0.15.0
GET,/statique/?limit=10,13,0,130.0,242.2824113076952,21.10430099997984,799.1984530000025,13826.0,1.1551774158400416,0.0,130,200,220,510,670,800,800,800,800,800,800,fd7fe4d,2024-12-05 08:54:29.844124+00:00,0.15.0
GET,/statique/?limit=100,13,0,370.0,457.5201906153837,143.32825299999286,919.2942889999928,129006.0,1.1551774158400416,0.0,370,550,700,850,850,920,920,920,920,920,920,fd7fe4d,2024-12-05 08:54:29.844124+00:00,0.15.0
PUT,/statique/FR073EP7QU5233,13,0,140.0,193.4788820000003,59.486312000018415,466.2001220000036,1371.0,1.1551774158400416,0.0,140,190,230,320,460,470,470,470,470,470,470,fd7fe4d,2024-12-05 08:54:29.844124+00:00,0.15.0
GET,/statique/FRALLEGO002006P3,10,0,300.0,338.3503559000048,46.06488500002115,860.9017459999961,1202.0,0.8885980121846474,0.0,370,400,460,670,860,860,860,860,860,860,860,fd7fe4d,2024-12-05 08:54:29.844124+00:00,0.15.0
POST,/statique/bulk,8,0,540.0,631.1598852499998,402.1484449999946,847.5258409999924,1119.875,0.7108784097477179,0.0,670,820,850,850,850,850,850,850,850,850,850,fd7fe4d,2024-12-05 08:54:29.844124+00:00,0.15.0
,Aggregated,174,4,160.0,290.76789785632275,16.691368000010698,919.2942889999928,12863.591954022988,15.461605412012863,0.3554392048738589,170,360,460,510,800,850,860,870,920,920,920,fd7fe4d,2024-12-05 08:54:29.844124+00:00,0.15.0
GET,/auth/whoami,35,0,440.0,496.0157114857151,20.812506999988045,1458.2820749999996,160.0,1.2159459886435613,0.0,440,560,710,820,1200,1200,1500,1500,1500,1500,1500,eeccfdc,2024-12-05 11:22:15.763659+00:00,0.15.0
POST,/dynamique/session/,35,0,500.0,615.3669232571433,7.138008999987733,1860.4446470000084,45.0,1.2159459886435613,0.0,500,740,870,1000,1500,1700,1900,1900,1900,1900,1900,eeccfdc,2024-12-05 11:22:15.763659+00:00,0.15.0
POST,/dynamique/session/bulk,37,0,710.0,745.6717206756786,57.27774400000385,2021.0904059999848,411.0,1.2854286165660505,0.0,710,870,920,1100,1400,1700,2000,2000,2000,2000,2000,eeccfdc,2024-12-05 11:22:15.763659+00:00,0.15.0
GET,/dynamique/status/,44,0,700.0,779.5366003409101,13.822000999994088,1743.528976999983,278.5681818181818,1.5286178142947626,0.0,720,940,1200,1300,1600,1700,1700,1700,1700,1700,1700,eeccfdc,2024-12-05 11:22:15.763659+00:00,0.15.0
POST,/dynamique/status/,41,0,580.0,703.3699642682925,14.33662900001309,2322.4338070000385,45.0,1.424393872411029,0.0,580,920,1100,1100,1300,1500,2300,2300,2300,2300,2300,eeccfdc,2024-12-05 11:22:15.763659+00:00,0.15.0
GET,/dynamique/status/FRALLEGO002006P3,35,0,470.0,658.1392245428552,14.188716000006709,1743.5532030000331,276.8857142857143,1.2159459886435613,0.0,470,1000,1100,1400,1400,1500,1700,1700,1700,1700,1700,eeccfdc,2024-12-05 11:22:15.763659+00:00,0.15.0
GET,/dynamique/status/FRALLEGO002006P3/history,23,0,590.0,690.4918675217386,15.989138999998431,1864.41187600002,54133.86956521739,0.799050221108626,0.0,590,920,1100,1200,1400,1400,1900,1900,1900,1900,1900,eeccfdc,2024-12-05 11:22:15.763659+00:00,0.15.0
POST,/dynamique/status/bulk,33,0,730.0,784.9064329090899,26.31254399997829,1572.553112000037,411.0,1.146463360721072,0.0,730,860,1100,1200,1500,1500,1600,1600,1600,1600,1600,eeccfdc,2024-12-05 11:22:15.763659+00:00,0.15.0
POST,/statique/,48,3,480.0,623.1051849375048,22.89199200001235,1801.7009989999904,65.14583333333333,1.6675830701397412,0.1042239418837338,550,790,930,1100,1500,1500,1800,1800,1800,1800,1800,eeccfdc,2024-12-05 11:22:15.763659+00:00,0.15.0
GET,/statique/?limit=10,41,0,520.0,673.7035486341473,18.11574800001381,1960.8173650000251,13826.39024390244,1.424393872411029,0.0,520,880,1100,1100,1400,1500,2000,2000,2000,2000,2000,eeccfdc,2024-12-05 11:22:15.763659+00:00,0.15.0
GET,/statique/?limit=100,45,0,760.0,824.7248066666671,142.15218600000412,1764.3951349999725,129006.42222222222,1.563359128256007,0.0,760,1100,1200,1300,1500,1500,1800,1800,1800,1800,1800,eeccfdc,2024-12-05 11:22:15.763659+00:00,0.15.0
PUT,/statique/FR073EP7QU5233,35,0,710.0,763.0662233714288,40.35477799999399,1669.4312660000037,1371.0,1.2159459886435613,0.0,710,900,1300,1400,1500,1700,1700,1700,1700,1700,1700,eeccfdc,2024-12-05 11:22:15.763659+00:00,0.15.0
GET,/statique/FRALLEGO002006P3,35,0,610.0,638.3905095714275,12.220334999994977,1463.6696420000137,1202.0,1.2159459886435613,0.0,610,880,1000,1100,1200,1400,1500,1500,1500,1500,1500,eeccfdc,2024-12-05 11:22:15.763659+00:00,0.15.0
POST,/statique/bulk,20,0,970.0,1014.556779500002,396.0567469999887,1673.494594000033,1117.55,0.6948262792248922,0.0,1000,1200,1300,1400,1400,1700,1700,1700,1700,1700,1700,eeccfdc,2024-12-05 11:22:15.763659+00:00,0.15.0
,Aggregated,507,3,670.0,706.9620411104539,7.138008999987733,2322.4338070000385,15369.863905325445,17.613846178351015,0.1042239418837338,670,880,1100,1100,1500,1500,1700,1800,2300,2300,2300,eeccfdc,2024-12-05 11:22:15.763659+00:00,0.15.0
GET,/auth/whoami,28,0,650.0,748.1316189285761,19.87337100001696,2052.837375000024,160.0,0.9738805528602256,0.0,660,870,1000,1100,1300,1600,2100,2100,2100,2100,2100,6f18fa4,2024-12-05 13:47:22.887488+00:00,0.15.0
POST,/dynamique/session/,17,0,770.0,809.0352509411687,45.52215100000012,1640.5527090000191,45.0,0.5912846213794226,0.0,770,1100,1100,1100,1300,1600,1600,1600,1600,1600,1600,6f18fa4,2024-12-05 13:47:22.887488+00:00,0.15.0
POST,/dynamique/session/bulk,36,0,640.0,706.6875821666688,31.74332499997945,2149.528191999991,411.0,1.2521321393917186,0.0,710,880,1100,1200,1400,1600,2100,2100,2100,2100,2100,6f18fa4,2024-12-05 13:47:22.887488+00:00,0.15.0
GET,/dynamique/status/,24,0,830.0,1055.8142697083308,20.104251000020668,3280.278471999964,285.0,0.834754759594479,0.0,840,970,1200,1200,3200,3200,3300,3300,3300,3300,3300,6f18fa4,2024-12-05 13:47:22.887488+00:00,0.15.0
POST,/dynamique/status/,36,0,660.0,963.2747431111188,21.135025000035057,3278.0211119999763,45.0,1.2521321393917186,0.0,710,1100,1500,1600,2200,3200,3300,3300,3300,3300,3300,6f18fa4,2024-12-05 13:47:22.887488+00:00,0.15.0
GET,/dynamique/status/FRALLEGO002006P3,27,0,640.0,832.7207336296242,22.36496000000443,3162.6275240000155,275.0740740740741,0.9390991045437888,0.0,640,870,1400,1400,1600,2200,3200,3200,3200,3200,3200,6f18fa4,2024-12-05 13:47:22.887488+00:00,0.15.0
GET,/dynamique/status/FRALLEGO002006P3/history,30,0,610.0,603.4630864333337,7.874159000039071,1615.266148999979,48595.66666666666,1.0434434494930989,0.0,640,920,1000,1100,1300,1400,1600,1600,1600,1600,1600,6f18fa4,2024-12-05 13:47:22.887488+00:00,0.15.0
POST,/dynamique/status/bulk,32,0,830.0,998.9436990000016,22.86558000002969,3281.5966860000003,411.0,1.113006346125972,0.0,830,1100,1400,1400,1900,3200,3300,3300,3300,3300,3300,6f18fa4,2024-12-05 13:47:22.887488+00:00,0.15.0
POST,/statique/,32,5,670.0,700.5804824375035,32.794259000013426,1616.8396360000088,60.65625,1.113006346125972,0.1739072415821831,670,900,1100,1200,1400,1500,1600,1600,1600,1600,1600,6f18fa4,2024-12-05 13:47:22.887488+00:00,0.15.0
GET,/statique/?limit=10,20,0,890.0,888.0759850000002,51.795948000005865,2237.2885900000483,13826.6,0.6956289663287325,0.0,1100,1200,1200,1400,2100,2200,2200,2200,2200,2200,2200,6f18fa4,2024-12-05 13:47:22.887488+00:00,0.15.0
GET,/statique/?limit=100,22,0,1100.0,1193.4624970909058,180.3468030000204,3163.6088590000213,129006.59090909093,0.7651918629616058,0.0,1200,1400,1600,1600,1900,2100,3200,3200,3200,3200,3200,6f18fa4,2024-12-05 13:47:22.887488+00:00,0.15.0
PUT,/statique/FR073EP7QU5233,32,0,880.0,1047.8091634062494,34.44507599999724,3104.7059800000056,1371.0,1.113006346125972,0.0,1000,1100,1400,1600,1800,2200,3100,3100,3100,3100,3100,6f18fa4,2024-12-05 13:47:22.887488+00:00,0.15.0
GET,/statique/FRALLEGO002006P3,28,0,820.0,907.8185869285746,30.045674999996663,3283.115639000016,1202.0,0.9738805528602256,0.0,840,940,1300,1600,2200,2200,3300,3300,3300,3300,3300,6f18fa4,2024-12-05 13:47:22.887488+00:00,0.15.0
POST,/statique/bulk,28,0,1200.0,1294.4451879642816,429.4275660000153,3279.141487000004,1119.321428571429,0.9738805528602256,0.0,1300,1400,1600,1900,2100,3100,3300,3300,3300,3300,3300,6f18fa4,2024-12-05 13:47:22.887488+00:00,0.15.0
,Aggregated,392,5,830.0,903.9351289489796,7.874159000039071,3283.115639000016,12072.543367346938,13.634327740043158,0.1739072415821831,830,1100,1200,1400,1600,2200,3200,3300,3300,3300,3300,6f18fa4,2024-12-05 13:47:22.887488+00:00,0.15.0
GET,/auth/whoami,20,0,620.0,706.5644960999919,37.82050600000275,1300.9791250000262,160.0,0.6884678713083853,0.0,680,810,1200,1200,1300,1300,1300,1300,1300,1300,1300,b3a0def,2024-12-10 16:03:32.351721+00:00,0.15.0
POST,/dynamique/session/,20,0,390.0,927.11629745001,16.53908200000842,2368.593292000014,45.0,0.6884678713083853,0.0,400,1600,1800,1800,2300,2400,2400,2400,2400,2400,2400,b3a0def,2024-12-10 16:03:32.351721+00:00,0.15.0
POST,/dynamique/session/bulk,27,0,940.0,1238.0821724444363,38.76456499995129,2591.165636000028,411.0,0.92943162626632,0.0,940,1400,2000,2000,2400,2400,2600,2600,2600,2600,2600,b3a0def,2024-12-10 16:03:32.351721+00:00,0.15.0
GET,/dynamique/status/,30,0,940.0,1118.6701282333463,32.53437900002609,2505.4468840000936,285.0,1.032701806962578,0.0,950,1200,1700,1900,2500,2500,2500,2500,2500,2500,2500,b3a0def,2024-12-10 16:03:32.351721+00:00,0.15.0
POST,/dynamique/status/,24,0,940.0,1006.4586420416598,34.270042999992256,2528.441989000044,45.0,0.8261614455700623,0.0,940,1100,1700,1800,1900,2200,2500,2500,2500,2500,2500,b3a0def,2024-12-10 16:03:32.351721+00:00,0.15.0
GET,/dynamique/status/FRALLEGO002006P3,29,0,1100.0,1128.493155620696,34.023228000023664,2527.368972999966,283.0,0.9982784133971588,0.0,1100,1500,1600,1800,2500,2500,2500,2500,2500,2500,2500,b3a0def,2024-12-10 16:03:32.351721+00:00,0.15.0
GET,/dynamique/status/FRALLEGO002006P3/history,21,0,920.0,1050.1008485238226,70.09896600004595,2542.7055900000823,38625.0,0.7228912648738046,0.0,920,1100,1500,2000,2200,2500,2500,2500,2500,2500,2500,b3a0def,2024-12-10 16:03:32.351721+00:00,0.15.0
POST,/dynamique/status/bulk,24,0,820.0,827.6522750833428,31.815826000070047,1839.709235999976,411.0,0.8261614455700623,0.0,840,930,1100,1100,1800,1800,1800,1800,1800,1800,1800,b3a0def,2024-12-10 16:03:32.351721+00:00,0.15.0
POST,/statique/,27,3,910.0,943.999836592588,31.675119999931667,2527.9648929999894,62.77777777777778,0.92943162626632,0.1032701806962577,910,1000,1300,1300,1600,2100,2500,2500,2500,2500,2500,b3a0def,2024-12-10 16:03:32.351721+00:00,0.15.0
GET,/statique/?limit=10,23,0,920.0,1080.3160030869428,43.5477629999923,2370.039700999996,13826.608695652174,0.7917380520046431,0.0,920,1400,1900,2000,2100,2100,2400,2400,2400,2400,2400,b3a0def,2024-12-10 16:03:32.351721+00:00,0.15.0
GET,/statique/?limit=100,23,0,840.0,962.6827690869616,156.4554850000377,2589.3924560000414,129006.60869565218,0.7917380520046431,0.0,840,1400,1600,1600,1700,2200,2600,2600,2600,2600,2600,b3a0def,2024-12-10 16:03:32.351721+00:00,0.15.0
PUT,/statique/FR073EP7QU5233,23,0,860.0,982.3727766956488,47.16224699996019,2242.254869000021,1371.0,0.7917380520046431,0.0,860,1200,1500,1800,1900,2000,2200,2200,2200,2200,2200,b3a0def,2024-12-10 16:03:32.351721+00:00,0.15.0
GET,/statique/FRALLEGO002006P3,26,0,940.0,1073.3889001153811,53.41869000005772,2543.298429999936,1202.0,0.8950082327009009,0.0,940,1100,1700,1800,2200,2200,2500,2500,2500,2500,2500,b3a0def,2024-12-10 16:03:32.351721+00:00,0.15.0
POST,/statique/bulk,35,0,1100.0,1333.2429236857058,353.39922900004694,2575.056066000002,1122.4,1.2048187747896744,0.0,1100,1600,2000,2200,2200,2400,2600,2600,2600,2600,2600,b3a0def,2024-12-10 16:03:32.351721+00:00,0.15.0
,Aggregated,352,3,920.0,1045.7448143778406,16.53908200000842,2591.165636000028,12053.838068181818,12.117034535027582,0.1032701806962577,920,1200,1600,1800,2100,2400,2500,2500,2600,2600,2600,b3a0def,2024-12-10 16:03:32.351721+00:00,0.15.0
GET,/auth/whoami,3,0,42.0,160.52994100001192,17.32395400006226,422.6581799999849,160.0,0.5029647265888129,0.0,42,42,420,420,420,420,420,420,420,420,420,38437e5,2024-12-10 17:13:49.942998+00:00,0.15.0
POST,/dynamique/session/,5,0,27.0,103.76141739998276,17.101939999975002,424.1943079999828,45.0,0.8382745443146881,0.0,27,31,31,420,420,420,420,420,420,420,420,38437e5,2024-12-10 17:13:49.942998+00:00,0.15.0
POST,/dynamique/session/bulk,10,0,79.0,144.1162335000172,37.37338100006582,435.0124039999628,411.0,1.676549088629376,0.0,80,170,180,300,440,440,440,440,440,440,440,38437e5,2024-12-10 17:13:49.942998+00:00,0.15.0
GET,/dynamique/status/,8,0,74.0,147.22612574999516,16.415865999988455,481.69154400000025,249.625,1.341239270903501,0.0,160,170,180,180,480,480,480,480,480,480,480,38437e5,2024-12-10 17:13:49.942998+00:00,0.15.0
POST,/dynamique/status/,7,0,36.0,35.66959899999996,11.172967999982577,55.57388700003685,45.0,1.1735843620405633,0.0,36,41,47,47,56,56,56,56,56,56,56,38437e5,2024-12-10 17:13:49.942998+00:00,0.15.0
GET,/dynamique/status/FRALLEGO002006P3,10,0,28.0,180.2804353999932,12.518195999973614,499.5378339999661,261.6,1.676549088629376,0.0,37,300,370,490,500,500,500,500,500,500,500,38437e5,2024-12-10 17:13:49.942998+00:00,0.15.0
GET,/dynamique/status/FRALLEGO002006P3/history,4,0,29.0,58.35102424998695,15.99798200004443,146.7044559999522,6746.0,0.6706196354517505,0.0,41,41,150,150,150,150,150,150,150,150,150,38437e5,2024-12-10 17:13:49.942998+00:00,0.15.0
POST,/dynamique/status/bulk,5,0,42.0,92.74820460000228,34.18589200009592,296.517031999997,411.0,0.8382745443146881,0.0,42,55,55,300,300,300,300,300,300,300,300,38437e5,2024-12-10 17:13:49.942998+00:00,0.15.0
POST,/statique/,3,0,43.0,80.10095600002387,36.34328199996162,160.8629710000287,68.0,0.5029647265888129,0.0,43,43,160,160,160,160,160,160,160,160,160,38437e5,2024-12-10 17:13:49.942998+00:00,0.15.0
GET,/statique/?limit=10,6,0,30.0,63.53171116667985,21.24014600008195,177.47819999999592,13826.0,1.0059294531776255,0.0,43,43,79,79,180,180,180,180,180,180,180,38437e5,2024-12-10 17:13:49.942998+00:00,0.15.0
GET,/statique/?limit=100,6,0,170.0,305.09178783330526,144.83502600000975,768.4601039999279,129006.0,1.0059294531776255,0.0,180,180,410,410,770,770,770,770,770,770,770,38437e5,2024-12-10 17:13:49.942998+00:00,0.15.0
PUT,/statique/FR073EP7QU5233,6,0,45.0,157.4317761666748,40.19564600002923,671.6550390000293,1371.0,1.0059294531776255,0.0,65,65,79,79,670,670,670,670,670,670,670,38437e5,2024-12-10 17:13:49.942998+00:00,0.15.0
GET,/statique/FRALLEGO002006P3,4,0,41.0,97.46979900003794,25.534794999998667,162.37221500000487,1202.0,0.6706196354517505,0.0,160,160,160,160,160,160,160,160,160,160,160,38437e5,2024-12-10 17:13:49.942998+00:00,0.15.0
POST,/statique/bulk,3,0,490.0,541.1552963332724,461.1022649999086,668.6349049999762,1151.3333333333333,0.5029647265888129,0.0,490,490,670,670,670,670,670,670,670,670,670,38437e5,2024-12-10 17:13:49.942998+00:00,0.15.0
,Aggregated,80,0,51.0,147.23730652499972,11.172967999982577,768.4601039999279,11405.825,13.412392709035007,0.0,55,160,180,300,460,500,670,770,770,770,770,38437e5,2024-12-10 17:13:49.942998+00:00,0.15.0
GET,/auth/whoami,19,0,64.0,309.9839364736897,10.264372999984062,1387.9438839999807,160.0,0.662389450067675,0.0,64,380,410,790,1100,1400,1400,1400,1400,1400,1400,4305c1a,2024-12-12 13:12:49.299596+00:00,0.15.0
POST,/dynamique/session/,19,0,200.0,577.4236175789425,18.361383000012665,2305.258294999988,45.0,0.662389450067675,0.0,200,500,1000,1400,1800,2300,2300,2300,2300,2300,2300,4305c1a,2024-12-12 13:12:49.299596+00:00,0.15.0
POST,/dynamique/session/bulk,27,0,1500.0,1318.6322669999938,18.79377900002055,3043.460772000003,411.0,0.9412902711488014,0.0,1500,1700,1800,2100,2100,2100,3000,3000,3000,3000,3000,4305c1a,2024-12-12 13:12:49.299596+00:00,0.15.0
GET,/dynamique/status/,38,0,710.0,844.3277735263196,11.938629999974635,2364.735011999983,285.0,1.32477890013535,0.0,810,1400,1600,1700,2100,2400,2400,2400,2400,2400,2400,4305c1a,2024-12-12 13:12:49.299596+00:00,0.15.0
POST,/dynamique/status/,36,0,410.0,728.0847229444463,18.39701000000105,2191.9939699999986,45.0,1.2550536948650683,0.0,490,1100,1400,1400,1800,2100,2200,2200,2200,2200,2200,4305c1a,2024-12-12 13:12:49.299596+00:00,0.15.0
GET,/dynamique/status/FRALLEGO002006P3,29,0,1100.0,964.7867103793128,10.59616200001301,2549.81225399996,283.0,1.0110154764190828,0.0,1100,1400,1500,1600,1800,2100,2500,2500,2500,2500,2500,4305c1a,2024-12-12 13:12:49.299596+00:00,0.15.0
GET,/dynamique/status/FRALLEGO002006P3/history,31,0,690.0,858.2409121935481,36.65490700001328,2547.9694119999863,47978.67741935484,1.0807406816893643,0.0,690,1300,1400,1700,2200,2500,2500,2500,2500,2500,2500,4305c1a,2024-12-12 13:12:49.299596+00:00,0.15.0
POST,/dynamique/status/bulk,32,0,500.0,884.3859851562515,28.342449000035685,2478.73677299998,411.0,1.1156032843245052,0.0,550,970,1400,1600,2200,2400,2500,2500,2500,2500,2500,4305c1a,2024-12-12 13:12:49.299596+00:00,0.15.0
POST,/statique/,33,12,390.0,737.4457780303038,20.430273999977544,2331.2700610000547,56.90909090909091,1.150465886959646,0.4183512316216894,390,950,1300,1500,1800,2300,2300,2300,2300,2300,2300,4305c1a,2024-12-12 13:12:49.299596+00:00,0.15.0
GET,/statique/?limit=10,18,0,1200.0,1161.6578272222253,31.13781199999721,2317.493221999996,13826.666666666666,0.6275268474325342,0.0,1300,1400,1500,1700,2000,2300,2300,2300,2300,2300,2300,4305c1a,2024-12-12 13:12:49.299596+00:00,0.15.0
GET,/statique/?limit=100,22,0,1600.0,1467.3518746363586,187.0010360000265,3045.7131279999885,129006.68181818182,0.7669772579730973,0.0,1600,2000,2100,2300,2400,2400,3000,3000,3000,3000,3000,4305c1a,2024-12-12 13:12:49.299596+00:00,0.15.0
PUT,/statique/FR073EP7QU5233,32,0,490.0,870.0759787812535,32.52395700002353,2366.8500920000497,1371.0,1.1156032843245052,0.0,940,1200,1400,1500,2000,2400,2400,2400,2400,2400,2400,4305c1a,2024-12-12 13:12:49.299596+00:00,0.15.0
GET,/statique/FRALLEGO002006P3,29,0,390.0,668.0140671034544,17.613209999979063,2373.834843999987,1202.0,1.0110154764190828,0.0,390,970,1000,1200,1900,2300,2400,2400,2400,2400,2400,4305c1a,2024-12-12 13:12:49.299596+00:00,0.15.0
POST,/statique/bulk,32,0,1200.0,1230.981986249995,387.7205260000096,2352.763910000021,1128.03125,1.1156032843245052,0.0,1200,1400,1500,1800,2100,2200,2400,2400,2400,2400,2400,4305c1a,2024-12-12 13:12:49.299596+00:00,0.15.0
,Aggregated,397,12,810.0,901.2027964584388,10.264372999984062,3045.7131279999885,11939.2241813602,13.840453246150894,0.4183512316216894,810,1300,1500,1600,2100,2300,2400,2500,3000,3000,3000,4305c1a,2024-12-12 13:12:49.299596+00:00,0.15.0
GET,/auth/whoami,5,0,140.0,234.2433498000105,12.522888000034982,660.2208840000117,160.0,0.592694687082148,0.0,140,330,330,660,660,660,660,660,660,660,660,e861a95,2024-12-12 14:48:13.075858+00:00,0.16.0
POST,/dynamique/session/,8,0,45.0,176.2373113749831,25.99855899995873,451.005849000012,45.0,0.9483114993314368,0.0,110,340,350,350,450,450,450,450,450,450,450,e861a95,2024-12-12 14:48:13.075858+00:00,0.16.0
POST,/dynamique/session/bulk,4,0,170.0,351.4972297500094,104.64435400001548,708.2446279999886,411.0,0.4741557496657184,0.0,420,420,710,710,710,710,710,710,710,710,710,e861a95,2024-12-12 14:48:13.075858+00:00,0.16.0
GET,/dynamique/status/,11,0,170.0,250.81863163635697,22.370314999989205,651.550914999973,156.36363636363637,1.3039283115807256,0.0,170,280,300,300,540,650,650,650,650,650,650,e861a95,2024-12-12 14:48:13.075858+00:00,0.16.0
POST,/dynamique/status/,4,0,410.0,533.6250092500023,164.85296799999105,805.9528709999881,45.0,0.4741557496657184,0.0,760,760,810,810,810,810,810,810,810,810,810,e861a95,2024-12-12 14:48:13.075858+00:00,0.16.0
GET,/dynamique/status/FRALLEGO002006P3,4,0,170.0,320.50768600002755,112.86540200001129,713.3956360000298,176.0,0.4741557496657184,0.0,290,290,710,710,710,710,710,710,710,710,710,e861a95,2024-12-12 14:48:13.075858+00:00,0.16.0
GET,/dynamique/status/FRALLEGO002006P3/history,9,0,300.0,308.6478206666736,26.61252299998296,772.2741210000095,1822.3333333333333,1.0668504367478664,0.0,300,380,400,550,770,770,770,770,770,770,770,e861a95,2024-12-12 14:48:13.075858+00:00,0.16.0
POST,/dynamique/status/bulk,3,0,170.0,316.7501669999903,71.33971199999678,707.051406000005,411.0,0.3556168122492888,0.0,170,170,710,710,710,710,710,710,710,710,710,e861a95,2024-12-12 14:48:13.075858+00:00,0.16.0
POST,/statique/,5,1,450.0,382.7653752000174,106.038156000011,707.9486560000419,58.6,0.592694687082148,0.1185389374164296,450,480,480,710,710,710,710,710,710,710,710,e861a95,2024-12-12 14:48:13.075858+00:00,0.16.0
GET,/statique/?limit=10,6,0,67.0,128.36164033330988,35.84957099997155,352.0151379999561,13826.0,0.7112336244985776,0.0,130,130,150,150,350,350,350,350,350,350,350,e861a95,2024-12-12 14:48:13.075858+00:00,0.16.0
GET,/statique/?limit=100,7,0,290.0,336.01172771427304,152.5053510000021,807.3927219999746,129006.0,0.8297725619150073,0.0,290,310,430,430,810,810,810,810,810,810,810,e861a95,2024-12-12 14:48:13.075858+00:00,0.16.0
PUT,/statique/FR073EP7QU5233,6,0,380.0,378.1612268333277,34.67259199999262,816.2838050000119,1371.0,0.7112336244985776,0.0,390,390,470,470,820,820,820,820,820,820,820,e861a95,2024-12-12 14:48:13.075858+00:00,0.16.0
GET,/statique/FRALLEGO002006P3,6,0,67.0,180.06808716666947,12.096874999997452,451.94759800000384,1202.0,0.7112336244985776,0.0,150,150,380,380,450,450,450,450,450,450,450,e861a95,2024-12-12 14:48:13.075858+00:00,0.16.0
POST,/statique/bulk,7,0,650.0,593.664331571428,376.1453100000267,816.3739940000028,1113.428571428571,0.8297725619150073,0.0,650,700,750,750,820,820,820,820,820,820,820,e861a95,2024-12-12 14:48:13.075858+00:00,0.16.0
,Aggregated,85,1,280.0,310.9626563764691,12.096874999997452,816.3739940000028,12147.823529411764,10.075809680396516,0.1185389374164296,280,390,450,540,710,770,820,820,820,820,820,e861a95,2024-12-12 14:48:13.075858+00:00,0.16.0
GET,/auth/whoami,31,0,110.0,354.23211112903124,5.445909000002303,1108.112659999961,160.0,1.065606051866685,0.0,110,430,700,810,990,1000,1100,1100,1100,1100,1100,1322d06,2024-12-12 19:54:28.824648+00:00,0.16.0
POST,/dynamique/session/,34,0,410.0,710.732555205883,19.32911000000104,3082.6334660000043,45.0,1.1687292181763642,0.0,470,900,1100,1200,1600,2800,3100,3100,3100,3100,3100,1322d06,2024-12-12 19:54:28.824648+00:00,0.16.0
POST,/dynamique/session/bulk,26,0,640.0,734.0042901153872,26.51809899998625,2907.600344999992,411.0,0.8937341080172196,0.0,650,810,1000,1100,1500,2000,2900,2900,2900,2900,2900,1322d06,2024-12-12 19:54:28.824648+00:00,0.16.0
GET,/dynamique/status/,38,0,430.0,605.9389676842071,18.833741000037207,2601.072445999989,285.0,1.3062267732559365,0.0,520,890,1000,1000,1200,1500,2600,2600,2600,2600,2600,1322d06,2024-12-12 19:54:28.824648+00:00,0.16.0
POST,/dynamique/status/,45,0,500.0,634.1617333111092,14.577970000004823,2905.897884999945,45.0,1.5468474946451878,0.0,500,860,910,1200,1300,1500,2900,2900,2900,2900,2900,1322d06,2024-12-12 19:54:28.824648+00:00,0.16.0
GET,/dynamique/status/FRALLEGO002006P3,43,0,740.0,803.8342403720932,24.257905999945702,2666.3626760000056,283.0,1.4780987171054016,0.0,740,900,1200,1300,1400,2300,2700,2700,2700,2700,2700,1322d06,2024-12-12 19:54:28.824648+00:00,0.16.0
GET,/dynamique/status/FRALLEGO002006P3/history,31,0,770.0,757.3295081290306,16.537012000014784,2000.0614759999849,52705.90322580645,1.065606051866685,0.0,770,910,1100,1200,1500,1800,2000,2000,2000,2000,2000,1322d06,2024-12-12 19:54:28.824648+00:00,0.16.0
POST,/dynamique/status/bulk,29,0,720.0,789.6321942413742,19.203409999988708,2906.632695999974,411.0,0.9968572743268987,0.0,720,880,920,1100,1500,2600,2900,2900,2900,2900,2900,1322d06,2024-12-12 19:54:28.824648+00:00,0.16.0
POST,/statique/,31,11,510.0,782.0134943871025,18.44529199996714,2756.0826860000134,60.903225806451616,1.065606051866685,0.3781182764688237,510,740,930,1100,2000,2600,2800,2800,2800,2800,2800,1322d06,2024-12-12 19:54:28.824648+00:00,0.16.0
GET,/statique/?limit=10,28,0,830.0,909.5454966071352,39.1318819999924,2759.8391459999903,13826.5,0.9624828855570058,0.0,860,1100,1500,1500,1800,2700,2800,2800,2800,2800,2800,1322d06,2024-12-12 19:54:28.824648+00:00,0.16.0
GET,/statique/?limit=100,30,0,860.0,1032.2421941333346,144.0464060000295,2757.0380699999646,129006.53333333334,1.031231663096792,0.0,910,1000,1300,1500,2700,2800,2800,2800,2800,2800,2800,1322d06,2024-12-12 19:54:28.824648+00:00,0.16.0
PUT,/statique/FR073EP7QU5233,44,0,560.0,670.473171272726,30.852048999975068,2288.8036049999982,1371.0,1.5124731058752947,0.0,640,840,1000,1000,1200,1700,2300,2300,2300,2300,2300,1322d06,2024-12-12 19:54:28.824648+00:00,0.16.0
GET,/statique/FRALLEGO002006P3,37,0,710.0,841.7357598378394,15.326708999964469,2571.8866349999985,1202.0,1.2718523844860434,0.0,710,940,1200,1300,2000,2300,2600,2600,2600,2600,2600,1322d06,2024-12-12 19:54:28.824648+00:00,0.16.0
POST,/statique/bulk,27,0,1200.0,1333.4680339629713,404.5401629999788,2917.769778000036,1124.888888888889,0.9281084967871128,0.0,1200,1300,1500,1700,2700,2800,2900,2900,2900,2900,2900,1322d06,2024-12-12 19:54:28.824648+00:00,0.16.0
,Aggregated,474,11,680.0,768.0595590274258,5.445909000002303,3082.6334660000043,12832.06329113924,16.293460276929313,0.3781182764688237,680,910,1100,1200,1500,2300,2800,2900,3100,3100,3100,1322d06,2024-12-12 19:54:28.824648+00:00,0.16.0
GET,/auth/whoami,7,0,21.0,32.25842242857522,2.368912000008549,141.38254599998845,160.0,1.1951362400526508,0.0,21,22,25,25,140,140,140,140,140,140,140,21bc253,2024-12-17 10:32:42.451808+00:00,0.16.0
POST,/dynamique/session/,7,0,52.0,147.34314214287485,8.427764000032312,532.301136000001,45.0,1.1951362400526508,0.0,52,52,360,360,530,530,530,530,530,530,530,21bc253,2024-12-17 10:32:42.451808+00:00,0.16.0
POST,/dynamique/session/bulk,11,0,20.0,56.8686752727155,6.867795000005117,442.5993219999782,411.0,1.8780712343684516,0.0,20,25,28,28,34,440,440,440,440,440,440,21bc253,2024-12-17 10:32:42.451808+00:00,0.16.0
GET,/dynamique/status/,9,0,25.0,103.20808833332902,9.580896999977996,632.318970999961,253.55555555555557,1.5366037372105512,0.0,25,30,51,140,630,630,630,630,630,630,630,21bc253,2024-12-17 10:32:42.451808+00:00,0.16.0
POST,/dynamique/status/,6,0,15.0,21.317847500010128,8.12505100003591,37.76501200002258,45.0,1.0244024914737009,0.0,26,26,27,27,38,38,38,38,38,38,38,21bc253,2024-12-17 10:32:42.451808+00:00,0.16.0
GET,/dynamique/status/FRALLEGO002006P3,9,0,29.0,76.11486933333506,7.01293499997746,166.74880400000802,187.88888888888889,1.5366037372105512,0.0,29,140,160,160,170,170,170,170,170,170,170,21bc253,2024-12-17 10:32:42.451808+00:00,0.16.0
GET,/dynamique/status/FRALLEGO002006P3/history,10,0,24.0,102.61530770000604,8.428331999994043,360.3851269999723,7136.2,1.7073374857895012,0.0,33,140,140,280,360,360,360,360,360,360,360,21bc253,2024-12-17 10:32:42.451808+00:00,0.16.0
POST,/dynamique/status/bulk,6,0,12.0,143.41978633333005,7.389385999999831,754.8623359999738,411.0,1.0244024914737009,0.0,27,27,51,51,750,750,750,750,750,750,750,21bc253,2024-12-17 10:32:42.451808+00:00,0.16.0
POST,/statique/,11,5,32.0,55.82136854544408,17.97856899997896,293.91168799998013,58.63636363636363,1.8780712343684516,0.8536687428947506,32,37,46,46,48,290,290,290,290,290,290,21bc253,2024-12-17 10:32:42.451808+00:00,0.16.0
GET,/statique/?limit=10,5,0,36.0,37.92663319999292,22.79700799999773,50.47415000001365,13826.0,0.8536687428947506,0.0,36,46,46,50,50,50,50,50,50,50,50,21bc253,2024-12-17 10:32:42.451808+00:00,0.16.0
GET,/statique/?limit=100,6,0,140.0,317.4813856666579,137.45788500000344,531.9981469999675,129006.0,1.0244024914737009,0.0,420,420,530,530,530,530,530,530,530,530,530,21bc253,2024-12-17 10:32:42.451808+00:00,0.16.0
PUT,/statique/FR073EP7QU5233,8,0,28.0,39.067853249996176,21.47491099998433,71.1665489999973,1371.0,1.365869988631601,0.0,35,40,71,71,71,71,71,71,71,71,71,21bc253,2024-12-17 10:32:42.451808+00:00,0.16.0
GET,/statique/FRALLEGO002006P3,6,0,30.0,91.00225183332591,10.556335999979185,318.8471920000211,1202.0,1.0244024914737009,0.0,33,33,140,140,320,320,320,320,320,320,320,21bc253,2024-12-17 10:32:42.451808+00:00,0.16.0
POST,/statique/bulk,3,0,440.0,521.0598806666553,360.8080930000028,760.5565469999647,1151.3333333333333,0.5122012457368503,0.0,440,440,760,760,760,760,760,760,760,760,760,21bc253,2024-12-17 10:32:42.451808+00:00,0.16.0
,Aggregated,104,5,29.0,102.32254223076716,2.368912000008549,760.5565469999647,9129.53846153846,17.756309852210812,0.8536687428947506,29,46,140,140,360,530,630,750,760,760,760,21bc253,2024-12-17 10:32:42.451808+00:00,0.16.0
GET,/auth/whoami,27,0,340.0,401.2482755555585,1.6237639999872044,1583.0780169999912,160.0,0.9299647636254256,0.0,340,420,660,680,980,1000,1600,1600,1600,1600,1600,794d69f,2024-12-17 16:55:56.486672+00:00,0.16.0
POST,/dynamique/session/,30,0,700.0,721.586297033328,9.5556460000239,1969.090370999993,45.0,1.0332941818060282,0.0,820,990,1000,1400,1900,2000,2000,2000,2000,2000,2000,794d69f,2024-12-17 16:55:56.486672+00:00,0.16.0
POST,/dynamique/session/bulk,42,0,460.0,632.144798619046,8.324524999977712,2210.3186979999805,411.0,1.4466118545284394,0.0,460,770,900,990,1400,2000,2200,2200,2200,2200,2200,794d69f,2024-12-17 16:55:56.486672+00:00,0.16.0
GET,/dynamique/status/,31,0,690.0,886.1154224838676,30.242649999991045,2250.5162580000047,285.0,1.0677373211995624,0.0,690,900,1600,1800,2000,2200,2300,2300,2300,2300,2300,794d69f,2024-12-17 16:55:56.486672+00:00,0.16.0
POST,/dynamique/status/,26,0,700.0,907.3019368461552,13.445472000000793,2507.258950999983,45.0,0.8955216242318911,0.0,780,1000,1100,1200,2200,2400,2500,2500,2500,2500,2500,794d69f,2024-12-17 16:55:56.486672+00:00,0.16.0
GET,/dynamique/status/FRALLEGO002006P3,36,0,620.0,828.0161574722199,8.080631000041194,2384.845364,283.0,1.2399530181672338,0.0,670,1100,1400,1600,2000,2400,2400,2400,2400,2400,2400,794d69f,2024-12-17 16:55:56.486672+00:00,0.16.0
GET,/dynamique/status/FRALLEGO002006P3/history,39,0,630.0,790.9923663333312,8.608093000020745,2392.2285390000297,45247.8717948718,1.3432824363478366,0.0,630,990,1000,1100,2000,2100,2400,2400,2400,2400,2400,794d69f,2024-12-17 16:55:56.486672+00:00,0.16.0
POST,/dynamique/status/bulk,36,0,700.0,902.5222978611066,9.488936000025204,2392.226754000035,411.0,1.2399530181672338,0.0,790,1100,1400,1600,2000,2400,2400,2400,2400,2400,2400,794d69f,2024-12-17 16:55:56.486672+00:00,0.16.0
POST,/statique/,30,16,930.0,889.7070105999964,20.3443959999845,2145.757267000022,52.833333333333336,1.0332941818060282,0.5510902302965484,940,1100,1300,1800,2000,2100,2100,2100,2100,2100,2100,794d69f,2024-12-17 16:55:56.486672+00:00,0.16.0
GET,/statique/?limit=10,25,0,790.0,838.4834806799928,19.95402599999352,2392.4381680000124,13826.68,0.8610784848383568,0.0,790,1000,1300,1500,2000,2000,2400,2400,2400,2400,2400,794d69f,2024-12-17 16:55:56.486672+00:00,0.16.0
GET,/statique/?limit=100,27,0,990.0,1166.4860877037,137.51843999995117,2395.4202779999605,129006.70370370372,0.9299647636254256,0.0,990,1500,1800,1900,2100,2200,2400,2400,2400,2400,2400,794d69f,2024-12-17 16:55:56.486672+00:00,0.16.0
PUT,/statique/FR073EP7QU5233,33,0,640.0,744.5025322424223,30.46636600004149,2209.983061999992,1371.0,1.136623599986631,0.0,640,810,990,1000,1700,2100,2200,2200,2200,2200,2200,794d69f,2024-12-17 16:55:56.486672+00:00,0.16.0
GET,/statique/FRALLEGO002006P3,30,0,600.0,787.7544749333367,10.956620000001749,2372.9333929999825,1202.0,1.0332941818060282,0.0,630,990,1100,1400,2000,2200,2400,2400,2400,2400,2400,794d69f,2024-12-17 16:55:56.486672+00:00,0.16.0
POST,/statique/bulk,34,0,1100.0,1186.8297160588247,323.4567530000163,2349.1266300000007,1116.1764705882354,1.1710667393801653,0.0,1100,1400,1400,2000,2200,2200,2300,2300,2300,2300,2300,794d69f,2024-12-17 16:55:56.486672+00:00,0.16.0
,Aggregated,446,16,690.0,831.7056925739888,1.6237639999872044,2507.258950999983,12942.318385650224,15.361640169516289,0.5510902302965484,700,990,1100,1400,2000,2100,2400,2400,2500,2500,2500,794d69f,2024-12-17 16:55:56.486672+00:00,0.16.0
